date,term,estimate,std.error,statistic,p.value,conf.low,conf.high,df,outcome,ad_id,ad_title,ad_valence,ad_sponsor,target_candidate,attacking_candidate,estimate_type,attack,general,pro_clinton,pro_sanders,pro_cruz,pro_kasich,pro_trump,anti_clinton,anti_trump,date_numeric,attack_d,general_d,pro_clinton_d,pro_sanders_d,pro_trump_d,pro_cruz_d,pro_kasich_d,anti_clinton_d,anti_trump_d,pac,pac_d,date_d,attack_general_d,attack_date_d,date_group
2016-03-14,ad_id_fac4,-0.016089546856377535,0.15969110654563956,0.10075418227363311,0.919766658505311,0.2972947878921101,-0.3294738816048652,959,favorDT_rev,4,Scam,Anti Trump,our principles pac,TRUE,FALSE,target_candidate,1,0,0,0,0,0,0,0,1,46.19849418206708,0.3728813559322034,-0.4971751412429379,-0.15254237288135594,-0.07909604519774012,-0.05649717514124294,-0.05649717514124294,-0.02824858757062147,-0.15819209039548024,0.5310734463276836,1,0.728813559322034,-0.2866235880539989,-0.3086277889495356,-0.15403091375147385,1
2016-03-14,ad_id_fac5,0.019516996158043254,0.1478858175939582,-0.1319734135130522,0.895033003366823,0.3097341508132613,-0.27070015849717477,959,favorDT_rev,5,Man of People,Anti Trump,american future fund,TRUE,FALSE,target_candidate,1,0,0,0,0,0,0,0,1,46.19849418206708,0.3728813559322034,-0.4971751412429379,-0.15254237288135594,-0.07909604519774012,-0.05649717514124294,-0.05649717514124294,-0.02824858757062147,-0.15819209039548024,0.5310734463276836,1,0.728813559322034,-0.2866235880539989,-0.3086277889495356,-0.15403091375147385,1
2016-03-14,ad_id_fac6,0.00879458089248783,0.15517831300635773,-0.05667403338846396,0.9548166646038339,0.31332282570737024,-0.29573366392239464,959,favorDT_rev,6,Plain Wrong,Anti Trump,cruz,TRUE,FALSE,target_candidate,1,0,0,0,0,0,0,0,1,46.19849418206708,0.3728813559322034,-0.4971751412429379,-0.15254237288135594,-0.07909604519774012,-0.05649717514124294,-0.05649717514124294,-0.02824858757062147,-0.15819209039548024,0.5310734463276836,0,-0.2711864406779661,-0.2866235880539989,-0.3086277889495356,-0.15403091375147385,1
2016-03-21,ad_id_fac8,0.22480054382693432,0.14974492720982718,-1.5012230999447274,0.13372615527646411,0.5187779892578377,-0.06917690160396905,737,favorDT_rev,8,Quotes,Anti Trump,our principles pac,TRUE,FALSE,target_candidate,1,0,0,0,0,0,0,0,1,46.217659137577,0.3728813559322034,-0.4971751412429379,-0.15254237288135594,-0.07909604519774012,-0.05649717514124294,-0.05649717514124294,-0.02824858757062147,-0.15819209039548024,0.5310734463276836,1,0.728813559322034,-0.2674586325440771,-0.3086277889495356,-0.14688465915455384,2
2016-04-05,ad_id_fac8,0.3162213040366142,0.1818146772255622,-1.7392506967097325,0.08241104598875297,0.6731617085739875,-0.04071910050075911,732,favorDT_rev,8,Quotes,Anti Trump,our principles pac,TRUE,FALSE,target_candidate,1,0,0,0,0,0,0,0,1,46.25872689938399,0.3728813559322034,-0.4971751412429379,-0.15254237288135594,-0.07909604519774012,-0.05649717514124294,-0.05649717514124294,-0.02824858757062147,-0.15819209039548024,0.5310734463276836,1,0.728813559322034,-0.22639087073709163,-0.3086277889495356,-0.13157125644686435,4
2016-04-25,ad_id_fac24,0.09928300959727857,0.21301262760760376,0.46608978402994233,0.6413259239091097,-0.3190856008799662,0.5176516200745233,581,favorDT_rev,24,Broken,Pro Trump,trump,TRUE,FALSE,target_candidate,0,0,0,0,0,0,1,0,0,46.313483915126625,-0.6271186440677966,-0.4971751412429379,-0.15254237288135594,-0.07909604519774012,0.943502824858757,-0.05649717514124294,-0.02824858757062147,-0.15819209039548024,-0.4689265536723164,0,-0.2711864406779661,-0.17163385499445383,0.1885473522934023,0.060480468824505265,7
2016-05-09,ad_id_fac26,-0.5209436030694635,0.19582100607529057,2.6603050076719943,0.008020392070433154,-0.1363484964064196,-0.9055387097325074,587,favorDT_rev,26,Unifier,Anti Trump,clinton,TRUE,FALSE,target_candidate,1,0,0,0,0,0,0,0,1,46.351813826146476,0.3728813559322034,-0.4971751412429379,-0.15254237288135594,-0.07909604519774012,-0.05649717514124294,-0.05649717514124294,-0.02824858757062147,-0.15819209039548024,0.5310734463276836,0,-0.2711864406779661,-0.1333039439746031,-0.3086277889495356,-0.09686087697610592,8
2016-05-09,ad_id_fac27,-0.2516713649333416,0.20055284987377736,1.2548880013010877,0.2100188011194573,0.14221714700253696,-0.6455598768692201,587,favorDT_rev,27,Harrassment,Anti Trump,clinton,TRUE,FALSE,target_candidate,1,0,0,0,0,0,0,0,1,46.351813826146476,0.3728813559322034,-0.4971751412429379,-0.15254237288135594,-0.07909604519774012,-0.05649717514124294,-0.05649717514124294,-0.02824858757062147,-0.15819209039548024,0.5310734463276836,0,-0.2711864406779661,-0.1333039439746031,-0.3086277889495356,-0.09686087697610592,8
2016-05-23,ad_id_fac8,0.19616787882366604,0.17525472633654887,-1.1193300341980894,0.2634533087522362,0.5403645275107516,-0.14802876986341956,592,favorDT_rev,8,Quotes,Anti Trump,our principles pac,TRUE,FALSE,target_candidate,1,0,0,0,0,0,0,0,1,46.390143737166326,0.3728813559322034,-0.4971751412429379,-0.15254237288135594,-0.07909604519774012,-0.05649717514124294,-0.05649717514124294,-0.02824858757062147,-0.15819209039548024,0.5310734463276836,1,0.728813559322034,-0.09497403295475237,-0.3086277889495356,-0.08256836778226327,10
2016-05-23,ad_id_fac33,-0.016533079432458644,0.17106435379784685,0.09664830261479491,0.9230384052526505,0.31943376447434446,-0.3524999233392617,592,favorDT_rev,33,Speak,Anti Trump,priorities usa,TRUE,FALSE,target_candidate,1,0,0,0,0,0,0,0,1,46.390143737166326,0.3728813559322034,-0.4971751412429379,-0.15254237288135594,-0.07909604519774012,-0.05649717514124294,-0.05649717514124294,-0.02824858757062147,-0.15819209039548024,0.5310734463276836,1,0.728813559322034,-0.09497403295475237,-0.3086277889495356,-0.08256836778226327,10
2016-06-06,ad_id_fac38,-0.2979273419839657,0.19837045985120827,1.5018735259646625,0.13367118821965368,0.09168044923678537,-0.6875351332047168,583,favorDT_rev,38,Extreme Makeover,Anti Trump,clinton,TRUE,FALSE,target_candidate,1,0,0,0,0,0,0,0,1,46.42847364818618,0.3728813559322034,-0.4971751412429379,-0.15254237288135594,-0.07909604519774012,-0.05649717514124294,-0.05649717514124294,-0.02824858757062147,-0.15819209039548024,0.5310734463276836,0,-0.2711864406779661,-0.05664412193490165,-0.3086277889495356,-0.06827585858842063,12
2016-06-06,ad_id_fac39,-0.20417766820994832,0.17705314358998409,1.1531999041077667,0.24930091777457264,0.14356203181658272,-0.5519173682364793,583,favorDT_rev,39,Grace,Anti Trump,priorities usa,TRUE,FALSE,target_candidate,1,0,0,0,0,0,0,0,1,46.42847364818618,0.3728813559322034,-0.4971751412429379,-0.15254237288135594,-0.07909604519774012,-0.05649717514124294,-0.05649717514124294,-0.02824858757062147,-0.15819209039548024,0.5310734463276836,1,0.728813559322034,-0.05664412193490165,-0.3086277889495356,-0.06827585858842063,12
2016-06-20,ad_id_fac33,0.11962102467615042,0.09777747270112994,-1.2234006604137566,0.22132508999771527,0.31137946427348,-0.07213741492117916,1965,favorDT_rev,33,Speak,Anti Trump,priorities usa,TRUE,FALSE,target_candidate,1,1,0,0,0,0,0,0,1,46.46680355920602,0.3728813559322034,0.5028248587570621,-0.15254237288135594,-0.07909604519774012,-0.05649717514124294,-0.05649717514124294,-0.02824858757062147,-0.15819209039548024,0.5310734463276836,1,0.728813559322034,-0.018314210915058027,0.06425356698266779,-0.05398334939458063,13
2016-07-04,ad_id_fac44,0.03398181409160049,0.10608400364602101,-0.3203292949330073,0.7487528807984744,0.24203118214829938,-0.17406755396509838,1959,favorDT_rev,44,Tested,Anti Trump,clinton,TRUE,FALSE,target_candidate,1,1,0,0,0,0,0,0,1,46.50513347022587,0.3728813559322034,0.5028248587570621,-0.15254237288135594,-0.07909604519774012,-0.05649717514124294,-0.05649717514124294,-0.02824858757062147,-0.15819209039548024,0.5310734463276836,0,-0.2711864406779661,0.0200157001047927,0.06425356698266779,-0.03969084020073799,14
2016-07-18,ad_id_fac47,0.025178298987238928,0.10198848893139682,-0.24687392911738562,0.8050316475823541,0.22519558009704285,-0.17483898212256502,1960,favorDT_rev,47,Role Model,Anti Trump,clinton,TRUE,FALSE,target_candidate,1,1,0,0,0,0,0,0,1,46.54346338124572,0.3728813559322034,0.5028248587570621,-0.15254237288135594,-0.07909604519774012,-0.05649717514124294,-0.05649717514124294,-0.02824858757062147,-0.15819209039548024,0.5310734463276836,0,-0.2711864406779661,0.058345611124643426,0.06425356698266779,-0.025398331006895345,15
2016-08-01,ad_id_fac50,0.19751481839884671,0.08898921706259474,-2.219536533959113,0.026563335901642764,0.37203732441017917,0.022992312387514258,1977,favorDT_rev,50,Someplace,Anti Trump,clinton,TRUE,FALSE,target_candidate,1,1,0,0,0,0,0,0,1,46.58179329226557,0.3728813559322034,0.5028248587570621,-0.15254237288135594,-0.07909604519774012,-0.05649717514124294,-0.05649717514124294,-0.02824858757062147,-0.15819209039548024,0.5310734463276836,0,-0.2711864406779661,0.09667552214449415,0.06425356698266779,-0.011105821813052703,16
2016-08-15,ad_id_fac47,0.11921531503453754,0.09857718269403037,-1.2093601356468566,0.2266697773893973,0.3125419418257719,-0.07411131175669679,1968,favorDT_rev,47,Role Model,Anti Trump,clinton,TRUE,FALSE,target_candidate,1,1,0,0,0,0,0,0,1,46.620123203285424,0.3728813559322034,0.5028248587570621,-0.15254237288135594,-0.07909604519774012,-0.05649717514124294,-0.05649717514124294,-0.02824858757062147,-0.15819209039548024,0.5310734463276836,0,-0.2711864406779661,0.13500543316434488,0.06425356698266779,0.003186687380789942,17
2016-08-15,ad_id_fac54,0.15786201801695457,0.10004233743813307,-1.577952115668805,0.1147373237809606,0.354062062536952,-0.038338026503042855,1968,favorDT_rev,54,Unfit,Anti Trump,clinton,TRUE,FALSE,target_candidate,1,1,0,0,0,0,0,0,1,46.620123203285424,0.3728813559322034,0.5028248587570621,-0.15254237288135594,-0.07909604519774012,-0.05649717514124294,-0.05649717514124294,-0.02824858757062147,-0.15819209039548024,0.5310734463276836,0,-0.2711864406779661,0.13500543316434488,0.06425356698266779,0.003186687380789942,17
2016-08-29,ad_id_fac59,-0.08384468731898065,0.12996021668675362,0.6451565675753959,0.5189758147468692,0.17118571284032763,-0.33887508747828893,986,favorDT_rev,59,Everything,Anti Trump,clinton,TRUE,FALSE,target_candidate,1,1,0,0,0,0,0,0,1,46.65845311430527,0.3728813559322034,0.5028248587570621,-0.15254237288135594,-0.07909604519774012,-0.05649717514124294,-0.05649717514124294,-0.02824858757062147,-0.15819209039548024,0.5310734463276836,0,-0.2711864406779661,0.1733353441841885,0.06425356698266779,0.01747919657462993,19
2016-09-05,ad_id_fac60,0.19796949990194154,0.1499681471290148,-1.3200769876261262,0.1871156874117088,0.49226291944623957,-0.09632391964235645,986,favorDT_rev,60,Sacrifice,Anti Trump,clinton,TRUE,FALSE,target_candidate,1,1,0,0,0,0,0,0,1,46.677618069815196,0.3728813559322034,0.5028248587570621,-0.15254237288135594,-0.07909604519774012,-0.05649717514124294,-0.05649717514124294,-0.02824858757062147,-0.15819209039548024,0.5310734463276836,0,-0.2711864406779661,0.19250029969411742,0.06425356698266779,0.024625451171552584,20
2016-09-05,ad_id_fac99,0.15757832933463162,0.1369902436780806,-1.1502887001568656,0.250303884659495,0.4264042635614943,-0.11124760489223107,986,favorDT_rev,99,Sacrifice,Anti Trump,clinton,TRUE,FALSE,target_candidate,1,1,0,0,0,0,0,0,1,46.677618069815196,0.3728813559322034,0.5028248587570621,-0.15254237288135594,-0.07909604519774012,-0.05649717514124294,-0.05649717514124294,-0.02824858757062147,-0.15819209039548024,0.5310734463276836,0,-0.2711864406779661,0.19250029969411742,0.06425356698266779,0.024625451171552584,20
2016-09-12,ad_id_fac62,0.03766703801581262,0.12822763149762653,-0.2937513356199661,0.7690099959876209,0.28929871975074317,-0.21396464371911794,982,favorDT_rev,62,Agree,Anti Trump,clinton,TRUE,FALSE,target_candidate,1,1,0,0,0,0,0,0,1,46.69678302532512,0.3728813559322034,0.5028248587570621,-0.15254237288135594,-0.07909604519774012,-0.05649717514124294,-0.05649717514124294,-0.02824858757062147,-0.15819209039548024,0.5310734463276836,0,-0.2711864406779661,0.21166525520403923,0.06425356698266779,0.031771705768472575,21
2016-09-19,ad_id_fac74,-0.05955913777576368,0.1335585356311249,-0.4459403324116997,0.6557388508457879,-0.3216527534501853,0.20253447789865794,980,favorDT_rev,74,Movement,Pro Trump,trump,TRUE,FALSE,target_candidate,0,1,0,0,0,0,1,0,0,46.71594798083505,-0.6271186440677966,0.5028248587570621,-0.15254237288135594,-0.07909604519774012,0.943502824858757,-0.05649717514124294,-0.02824858757062147,-0.15819209039548024,-0.4689265536723164,0,-0.2711864406779661,0.23083021071396814,-0.4385712917743943,-0.1919122503485729,22
2016-09-19,ad_id_fac75,0.07362572205808526,0.13350393327350404,-0.5514872876984924,0.5814253969599739,0.3356121867423768,-0.18836074262620628,980,favorDT_rev,75,Families,Anti Trump,clinton,TRUE,FALSE,target_candidate,1,1,0,0,0,0,0,0,1,46.71594798083505,0.3728813559322034,0.5028248587570621,-0.15254237288135594,-0.07909604519774012,-0.05649717514124294,-0.05649717514124294,-0.02824858757062147,-0.15819209039548024,0.5310734463276836,0,-0.2711864406779661,0.23083021071396814,0.06425356698266779,0.03891796036539523,22
2016-09-26,ad_id_fac63,0.038746342972378015,0.16287474166010835,-0.23789043394607487,0.8120313973544566,0.35849373744141194,-0.28100105149665594,746,favorDT_rev,63,Mirrors,Anti Trump,clinton,TRUE,FALSE,target_candidate,1,1,0,0,0,0,0,0,1,46.73511293634497,0.3728813559322034,0.5028248587570621,-0.15254237288135594,-0.07909604519774012,-0.05649717514124294,-0.05649717514124294,-0.02824858757062147,-0.15819209039548024,0.5310734463276836,0,-0.2711864406779661,0.24999516622388995,0.06425356698266779,0.04606421496231522,23
2016-10-03,ad_id_fac66,0.09407566755930982,0.16382463947341286,-0.5742461443022274,0.5659779036323014,0.41569857755332407,-0.2275472424347044,731,favorDT_rev,66,Arrogant,Anti Trump,clinton,TRUE,FALSE,target_candidate,1,1,0,0,0,0,0,0,1,46.75427789185489,0.3728813559322034,0.5028248587570621,-0.15254237288135594,-0.07909604519774012,-0.05649717514124294,-0.05649717514124294,-0.02824858757062147,-0.15819209039548024,0.5310734463276836,0,-0.2711864406779661,0.26916012173381176,0.06425356698266779,0.053210469559235224,24
2016-10-10,ad_id_fac8,-0.09733652039202871,0.12821824093435721,0.759147214021297,0.4479463089764959,0.1542761023775498,-0.34894914316160724,984,favorDT_rev,8,Quotes,Anti Trump,our principles pac,TRUE,FALSE,target_candidate,1,1,0,0,0,0,0,0,1,46.77344284736482,0.3728813559322034,0.5028248587570621,-0.15254237288135594,-0.07909604519774012,-0.05649717514124294,-0.05649717514124294,-0.02824858757062147,-0.15819209039548024,0.5310734463276836,1,0.728813559322034,0.2883250772437407,0.06425356698266779,0.060356724156157865,25
2016-10-10,ad_id_fac63,0.1251589677988677,0.11524636589653967,-1.0860122731438395,0.2777395350598653,0.3513158716573166,-0.10099793605958116,984,favorDT_rev,63,Mirrors,Anti Trump,clinton,TRUE,FALSE,target_candidate,1,1,0,0,0,0,0,0,1,46.77344284736482,0.3728813559322034,0.5028248587570621,-0.15254237288135594,-0.07909604519774012,-0.05649717514124294,-0.05649717514124294,-0.02824858757062147,-0.15819209039548024,0.5310734463276836,0,-0.2711864406779661,0.2883250772437407,0.06425356698266779,0.060356724156157865,25
2016-10-17,ad_id_fac68,0.17304645417877978,0.13423467138220363,-1.2891338161514783,0.19775438613616095,0.43657259404049414,-0.09047968568293457,740,favorDT_rev,68,America's Bullies,Anti Trump,clinton,TRUE,FALSE,target_candidate,1,1,0,0,0,0,0,0,1,46.79260780287474,0.3728813559322034,0.5028248587570621,-0.15254237288135594,-0.07909604519774012,-0.05649717514124294,-0.05649717514124294,-0.02824858757062147,-0.15819209039548024,0.5310734463276836,0,-0.2711864406779661,0.3074900327536625,0.06425356698266779,0.06750297875307787,26
2016-10-24,ad_id_fac70,0.21708099484967444,0.1449070838197165,-1.4980702746026673,0.1345478557282104,0.501565979371484,-0.06740398967213504,729,favorDT_rev,70,Captain Khan,Anti Trump,clinton,TRUE,FALSE,target_candidate,1,1,0,0,0,0,0,0,1,46.81177275838467,0.3728813559322034,0.5028248587570621,-0.15254237288135594,-0.07909604519774012,-0.05649717514124294,-0.05649717514124294,-0.02824858757062147,-0.15819209039548024,0.5310734463276836,0,-0.2711864406779661,0.3266549882635914,0.06425356698266779,0.07464923335000051,27
2016-10-31,ad_id_fac71,0.4320260038901801,0.14274925361316265,-3.0264676904086016,0.002559976977982519,0.7122671384560952,0.15178486932426494,741,favorDT_rev,71,Example,Anti Trump,clinton,TRUE,FALSE,target_candidate,1,1,0,0,0,0,0,0,1,46.83093771389459,0.3728813559322034,0.5028248587570621,-0.15254237288135594,-0.07909604519774012,-0.05649717514124294,-0.05649717514124294,-0.02824858757062147,-0.15819209039548024,0.5310734463276836,0,-0.2711864406779661,0.3458199437735132,0.06425356698266779,0.0817954879469205,28
2016-10-31,ad_id_fac72,-0.3125749963930958,0.14389403914611207,-2.1722581299959387,0.030152558186300214,-0.595063540234143,-0.03008645255204867,741,favorDT_rev,72,Consumer Benefit,Pro Trump,trump,TRUE,FALSE,target_candidate,0,1,0,0,0,0,1,0,0,46.83093771389459,-0.6271186440677966,0.5028248587570621,-0.15254237288135594,-0.07909604519774012,0.943502824858757,-0.05649717514124294,-0.02824858757062147,-0.15819209039548024,-0.4689265536723164,0,-0.2711864406779661,0.3458199437735132,-0.4385712917743943,-0.26402445582659273,28
2016-11-07,ad_id_fac77,-0.0033731366356977294,0.14476247896822567,0.023301180386929604,0.9814163287828338,0.28082219272513914,-0.2875684659965346,738,favorDT_rev,77,Daughters,Anti Trump,clinton,TRUE,FALSE,target_candidate,1,1,0,0,0,0,0,0,1,46.85010266940452,0.3728813559322034,0.5028248587570621,-0.15254237288135594,-0.07909604519774012,-0.05649717514124294,-0.05649717514124294,-0.02824858757062147,-0.15819209039548024,0.5310734463276836,0,-0.2711864406779661,0.36498489928344213,0.06425356698266779,0.08894174254384317,29
2016-03-21,ad_id_fac9,-0.12167732572221146,0.1451701051659121,-0.8381706797218945,0.40220807721307084,-0.4066760935869156,0.16332144214249267,733,favorHC_rev,9,Real Life,Pro Clinton,clinton,TRUE,FALSE,target_candidate,0,0,1,0,0,0,0,0,0,46.217659137577,-0.6271186440677966,-0.4971751412429379,0.847457627118644,-0.07909604519774012,-0.05649717514124294,-0.05649717514124294,-0.02824858757062147,-0.15819209039548024,-0.4689265536723164,0,-0.2711864406779661,-0.2674586325440771,0.1885473522934023,0.12057397338952323,2
2016-03-28,ad_id_fac12,0.19024190045701972,0.15550007120320203,1.2234200215150917,0.22156316998132763,-0.11503534103843682,0.49551914195247626,735,favorHC_rev,12,All the Good,Pro Clinton,clinton,TRUE,FALSE,target_candidate,0,0,1,0,0,0,0,0,0,46.23682409308692,-0.6271186440677966,-0.4971751412429379,0.847457627118644,-0.07909604519774012,-0.05649717514124294,-0.05649717514124294,-0.02824858757062147,-0.15819209039548024,-0.4689265536723164,0,-0.2711864406779661,-0.24829367703415528,0.1885473522934023,0.10855527247652143,3
2016-04-05,ad_id_fac9,0.08437508042687569,0.14848798556197618,0.5682283324643735,0.5700537225225001,-0.20713671206526252,0.3758868729190139,734,favorHC_rev,9,Real Life,Pro Clinton,clinton,TRUE,FALSE,target_candidate,0,0,1,0,0,0,0,0,0,46.25872689938399,-0.6271186440677966,-0.4971751412429379,0.847457627118644,-0.07909604519774012,-0.05649717514124294,-0.05649717514124294,-0.02824858757062147,-0.15819209039548024,-0.4689265536723164,0,-0.2711864406779661,-0.22639087073709163,0.1885473522934023,0.09481961429022727,4
2016-04-11,ad_id_fac18,0.17845620722883848,0.1579227608683178,1.1300220832489263,0.25884063110088945,-0.13158430427442824,0.4884967187321052,725,favorHC_rev,18,I'm with him,Pro Clinton,clinton,TRUE,FALSE,target_candidate,0,0,1,0,0,0,0,0,0,46.275154004106774,-0.6271186440677966,-0.4971751412429379,0.847457627118644,-0.07909604519774012,-0.05649717514124294,-0.05649717514124294,-0.02824858757062147,-0.15819209039548024,-0.4689265536723164,0,-0.2711864406779661,-0.20996376601430455,0.1885473522934023,0.08451787065051335,5
2016-05-16,ad_id_fac30,0.26739749575308136,0.139962348564525,1.910495919049305,0.05656134555214411,-0.007496316626621369,0.542291308132784,581,favorHC_rev,30,Love/Kindness,Pro Clinton,clinton,TRUE,FALSE,target_candidate,0,0,1,0,0,0,0,0,0,46.3709787816564,-0.6271186440677966,-0.4971751412429379,0.847457627118644,-0.07909604519774012,-0.05649717514124294,-0.05649717514124294,-0.02824858757062147,-0.15819209039548024,-0.4689265536723164,0,-0.2711864406779661,-0.11413898846468129,0.1885473522934023,0.024424366085495364,9
2016-05-30,ad_id_fac30,-0.18059004582650195,0.1717618783198999,-1.0513977117213398,0.2935013539051319,-0.5179210257593292,0.15674093410632522,597,favorHC_rev,30,Love/Kindness,Pro Clinton,clinton,TRUE,FALSE,target_candidate,0,0,1,0,0,0,0,0,0,46.40930869267625,-0.6271186440677966,-0.4971751412429379,0.847457627118644,-0.07909604519774012,-0.05649717514124294,-0.05649717514124294,-0.02824858757062147,-0.15819209039548024,-0.4689265536723164,0,-0.2711864406779661,-0.07580907744483056,0.1885473522934023,3.8696425948728935e-4,11
2016-06-20,ad_id_fac42,0.16188381273034702,0.08770769239200454,1.845719666261615,0.06508272820831469,-0.010125679575763463,0.33389330503645753,1972,favorHC_rev,42,Moments,Pro Clinton,clinton,TRUE,FALSE,target_candidate,0,1,1,0,0,0,0,0,0,46.46680355920602,-0.6271186440677966,0.5028248587570621,0.847457627118644,-0.07909604519774012,-0.05649717514124294,-0.05649717514124294,-0.02824858757062147,-0.15819209039548024,-0.4689265536723164,0,-0.2711864406779661,-0.018314210915058027,-0.4385712917743943,-0.035669138479522605,13
2016-07-04,ad_id_fac45,0.16036985872121434,0.11036921031358583,-1.4530307706792907,0.14637439440425318,0.3768224551795585,-0.056082737737129795,1971,favorHC_rev,45,Stop Clinton,Anti Clinton,nra political victory fund,TRUE,FALSE,target_candidate,1,1,0,0,0,0,0,1,0,46.50513347022587,0.3728813559322034,0.5028248587570621,-0.15254237288135594,-0.07909604519774012,-0.05649717514124294,-0.05649717514124294,-0.02824858757062147,0.8418079096045198,-0.4689265536723164,1,0.728813559322034,0.0200157001047927,0.06425356698266779,-0.03969084020073799,14
2016-07-18,ad_id_fac48,-0.029310981248526047,0.09397061047461859,0.31191647154876073,0.7551370623421563,0.15498143133366427,-0.21360339383071636,1967,favorHC_rev,48,Same Old,Anti Clinton,rebuilding america now,TRUE,FALSE,target_candidate,1,1,0,0,0,0,0,1,0,46.54346338124572,0.3728813559322034,0.5028248587570621,-0.15254237288135594,-0.07909604519774012,-0.05649717514124294,-0.05649717514124294,-0.02824858757062147,0.8418079096045198,-0.4689265536723164,1,0.728813559322034,0.058345611124643426,0.06425356698266779,-0.025398331006895345,15
2016-08-01,ad_id_fac51,-0.030886312056058962,0.09751439672263414,0.3167359189424172,0.751477314354437,0.16035506153284287,-0.2221276856449608,1984,favorHC_rev,51,Outsource,Anti Clinton,rebuilding america now,TRUE,FALSE,target_candidate,1,1,0,0,0,0,0,1,0,46.58179329226557,0.3728813559322034,0.5028248587570621,-0.15254237288135594,-0.07909604519774012,-0.05649717514124294,-0.05649717514124294,-0.02824858757062147,0.8418079096045198,-0.4689265536723164,1,0.728813559322034,0.09667552214449415,0.06425356698266779,-0.011105821813052703,16
2016-08-22,ad_id_fac56,0.02957848060249002,0.1348201775913657,0.21939209049361405,0.8263902236690266,-0.23499029933122723,0.29414726053620727,982,favorHC_rev,56,Depend,Pro Clinton,clinton,TRUE,FALSE,target_candidate,0,1,1,0,0,0,0,0,0,46.639288158795345,-0.6271186440677966,0.5028248587570621,0.847457627118644,-0.07909604519774012,-0.05649717514124294,-0.05649717514124294,-0.02824858757062147,-0.15819209039548024,-0.4689265536723164,0,-0.2711864406779661,0.1541703886742667,-0.4385712917743943,-0.14383744669655674,18
2016-08-22,ad_id_fac57,0.049198380652125895,0.14442429587996172,-0.3406516912709558,0.7334386723656007,0.33261411586619044,-0.23421735456193865,982,favorHC_rev,57,2 Americas: Immigration,Anti Clinton,trump,TRUE,FALSE,target_candidate,1,1,0,0,0,0,0,1,0,46.639288158795345,0.3728813559322034,0.5028248587570621,-0.15254237288135594,-0.07909604519774012,-0.05649717514124294,-0.05649717514124294,-0.02824858757062147,0.8418079096045198,-0.4689265536723164,0,-0.2711864406779661,0.1541703886742667,0.06425356698266779,0.010332941977709939,18
2016-08-29,ad_id_fac58,0.12748928412524507,0.13967281188932104,-0.9127709423239049,0.3615872834237609,0.40158113428951586,-0.14660256603902572,981,favorHC_rev,58,2 Americas: Economy,Anti Clinton,trump,TRUE,FALSE,target_candidate,1,1,0,0,0,0,0,1,0,46.65845311430527,0.3728813559322034,0.5028248587570621,-0.15254237288135594,-0.07909604519774012,-0.05649717514124294,-0.05649717514124294,-0.02824858757062147,0.8418079096045198,-0.4689265536723164,0,-0.2711864406779661,0.1733353441841885,0.06425356698266779,0.01747919657462993,19
2016-09-12,ad_id_fac61,-0.14213735240725311,0.14226488932904288,0.9991035249639509,0.31799016602299907,0.13704010059204585,-0.4213148054065521,984,favorHC_rev,61,Deplorables,Anti Clinton,trump,TRUE,FALSE,target_candidate,1,1,0,0,0,0,0,1,0,46.69678302532512,0.3728813559322034,0.5028248587570621,-0.15254237288135594,-0.07909604519774012,-0.05649717514124294,-0.05649717514124294,-0.02824858757062147,0.8418079096045198,-0.4689265536723164,0,-0.2711864406779661,0.21166525520403923,0.06425356698266779,0.031771705768472575,21
2016-09-26,ad_id_fac64,0.04683612609512533,0.15723192086307003,-0.29787924638988494,0.7658787138881852,0.3555085263043586,-0.2618362741141079,742,favorHC_rev,64,Defenseless,Anti Clinton,nra political victory fund,TRUE,FALSE,target_candidate,1,1,0,0,0,0,0,1,0,46.73511293634497,0.3728813559322034,0.5028248587570621,-0.15254237288135594,-0.07909604519774012,-0.05649717514124294,-0.05649717514124294,-0.02824858757062147,0.8418079096045198,-0.4689265536723164,1,0.728813559322034,0.24999516622388995,0.06425356698266779,0.04606421496231522,23
2016-10-03,ad_id_fac65,-0.0778709836638043,0.153095337169009,0.5086437320938059,0.6111552329377078,0.2226873233759351,-0.3784292907035437,732,favorHC_rev,65,50-pts?,Anti Clinton,trump,TRUE,FALSE,target_candidate,1,1,0,0,0,0,0,1,0,46.75427789185489,0.3728813559322034,0.5028248587570621,-0.15254237288135594,-0.07909604519774012,-0.05649717514124294,-0.05649717514124294,-0.02824858757062147,0.8418079096045198,-0.4689265536723164,0,-0.2711864406779661,0.26916012173381176,0.06425356698266779,0.053210469559235224,24
2016-10-17,ad_id_fac67,-0.27898826300165847,0.11960967392100497,2.3324891194495985,0.01994405166308846,-0.04417093444198156,-0.5138055915613353,735,favorHC_rev,67,Change,Anti Clinton,trump,TRUE,FALSE,target_candidate,1,1,0,0,0,0,0,1,0,46.79260780287474,0.3728813559322034,0.5028248587570621,-0.15254237288135594,-0.07909604519774012,-0.05649717514124294,-0.05649717514124294,-0.02824858757062147,0.8418079096045198,-0.4689265536723164,0,-0.2711864406779661,0.3074900327536625,0.06425356698266779,0.06750297875307787,26
2016-10-24,ad_id_fac69,-0.017970799573628016,0.15010256659471818,0.11972346630254338,0.9047351060421218,0.2767127377803386,-0.31265433692759464,731,favorHC_rev,69,Laura,Anti Clinton,trump,TRUE,FALSE,target_candidate,1,1,0,0,0,0,0,1,0,46.81177275838467,0.3728813559322034,0.5028248587570621,-0.15254237288135594,-0.07909604519774012,-0.05649717514124294,-0.05649717514124294,-0.02824858757062147,0.8418079096045198,-0.4689265536723164,0,-0.2711864406779661,0.3266549882635914,0.06425356698266779,0.07464923335000051,27
2016-11-07,ad_id_fac76,0.06284148092540875,0.125244914653262,-0.501748762409908,0.6159928998006359,0.3087175294966922,-0.1830345676458747,743,favorHC_rev,76,Unfit to Serve,Anti Clinton,trump,TRUE,FALSE,target_candidate,1,1,0,0,0,0,0,1,0,46.85010266940452,0.3728813559322034,0.5028248587570621,-0.15254237288135594,-0.07909604519774012,-0.05649717514124294,-0.05649717514124294,-0.02824858757062147,0.8418079096045198,-0.4689265536723164,0,-0.2711864406779661,0.36498489928344213,0.06425356698266779,0.08894174254384317,29
2016-03-28,ad_id_fac11,0.04876573018650099,0.1640989354481084,0.297172739441212,0.7664202282972554,-0.27340309204069224,0.3709345524136942,721,favorBS_rev,11,America,Pro Sanders,sanders,TRUE,FALSE,target_candidate,0,0,0,1,0,0,0,0,0,46.23682409308692,-0.6271186440677966,-0.4971751412429379,-0.15254237288135594,0.9209039548022598,-0.05649717514124294,-0.05649717514124294,-0.02824858757062147,-0.15819209039548024,-0.4689265536723164,0,-0.2711864406779661,-0.24829367703415528,0.1885473522934023,0.10855527247652143,3
2016-04-11,ad_id_fac17,0.2396767757740862,0.16319430273588878,1.4686589651476714,0.14236883413869358,-0.08072513585223529,0.5600786874004077,709,favorBS_rev,17,Erica,Pro Sanders,sanders,TRUE,FALSE,target_candidate,0,0,0,1,0,0,0,0,0,46.275154004106774,-0.6271186440677966,-0.4971751412429379,-0.15254237288135594,0.9209039548022598,-0.05649717514124294,-0.05649717514124294,-0.02824858757062147,-0.15819209039548024,-0.4689265536723164,0,-0.2711864406779661,-0.20996376601430455,0.1885473522934023,0.08451787065051335,5
2016-05-16,ad_id_fac11,-0.003031501090592137,0.16019387135040097,-0.018923951740707767,0.9849083482518346,-0.31766915548979313,0.31160615330860886,574,favorBS_rev,11,America,Pro Sanders,sanders,TRUE,FALSE,target_candidate,0,0,0,1,0,0,0,0,0,46.3709787816564,-0.6271186440677966,-0.4971751412429379,-0.15254237288135594,0.9209039548022598,-0.05649717514124294,-0.05649717514124294,-0.02824858757062147,-0.15819209039548024,-0.4689265536723164,0,-0.2711864406779661,-0.11413898846468129,0.1885473522934023,0.024424366085495364,9
2016-05-30,ad_id_fac11,0.09666944497070573,0.1786025285739842,0.5412546269223811,0.5885363954397617,-0.2541046537835188,0.4474435437249303,590,favorBS_rev,11,America,Pro Sanders,sanders,TRUE,FALSE,target_candidate,0,0,0,1,0,0,0,0,0,46.40930869267625,-0.6271186440677966,-0.4971751412429379,-0.15254237288135594,0.9209039548022598,-0.05649717514124294,-0.05649717514124294,-0.02824858757062147,-0.15819209039548024,-0.4689265536723164,0,-0.2711864406779661,-0.07580907744483056,0.1885473522934023,3.8696425948728935e-4,11
2016-04-18,ad_id_fac21,-0.09273489729994311,0.14957062206256616,-0.6200074320821614,0.535465602943099,-0.3864232591139431,0.20095346451405688,664,favorJK_rev,21,Suggest,Pro Kasich,new day independent media committee,TRUE,FALSE,target_candidate,0,0,0,0,0,1,0,0,0,46.2943189596167,-0.6271186440677966,-0.4971751412429379,-0.15254237288135594,-0.07909604519774012,-0.05649717514124294,-0.05649717514124294,0.9717514124293786,-0.15819209039548024,-0.4689265536723164,1,0.728813559322034,-0.19079881050437564,0.1885473522934023,0.07249916973750709,6
2016-04-18,ad_id_fac20,0.25386384197386436,0.1511090693373608,1.6800040069540556,0.09339830243043085,-0.04281237813094502,0.5505400620786738,707,favorTC_rev,20,Math,Pro Cruz,club for growth,TRUE,FALSE,target_candidate,0,0,0,0,1,0,0,0,0,46.2943189596167,-0.6271186440677966,-0.4971751412429379,-0.15254237288135594,-0.07909604519774012,-0.05649717514124294,0.943502824858757,-0.02824858757062147,-0.15819209039548024,-0.4689265536723164,1,0.728813559322034,-0.19079881050437564,0.1885473522934023,0.07249916973750709,6
2016-04-25,ad_id_fac23,-0.00111848848038755,0.1475742307949655,-0.007579158463929511,0.993955425523927,-0.2909763077799255,0.28873933081915043,568,favorTC_rev,23,Not Easy,Pro Cruz,cruz,TRUE,FALSE,target_candidate,0,0,0,0,1,0,0,0,0,46.313483915126625,-0.6271186440677966,-0.4971751412429379,-0.15254237288135594,-0.07909604519774012,-0.05649717514124294,0.943502824858757,-0.02824858757062147,-0.15819209039548024,-0.4689265536723164,0,-0.2711864406779661,-0.17163385499445383,0.1885473522934023,0.060480468824505265,7
